{"cameraMode":{"drawMode":0,"name":"Shaded","section":"Shading Mode"},"sceneLighting":false,"audioPlay":false,"sceneViewState":{"showFog":false,"showMaterialUpdate":false,"showSkybox":false,"showFlares":false,"showImageEffects":false,"showParticleSystems":false},"in2DMode":false,"pivot":{"x":6.197710037231445,"y":-4.637181282043457,"z":34.025390625},"rotation":{"x":0.16954295337200166,"y":-0.6857222318649292,"z":0.1691105216741562,"w":0.6873740553855896},"size":18.413463592529298,"orthographic":false}